{
    "accuracy": 0.7461810528292242,
    "loss": 0.2538189471707758,
    "step": 8
}
