{
    "accuracy": 0.7723435322143706,
    "loss": 0.2276564677856293,
    "step": 18
}
