{
    "accuracy": 0.7221092190997073,
    "loss": 0.27789078090029273,
    "step": 3
}
