{
    "accuracy": 0.7660111141701653,
    "loss": 0.2339888858298346,
    "step": 11
}
