{
    "accuracy": 0.8236431470802539,
    "loss": 0.17635685291974612,
    "step": 9
}
