{
    "accuracy": 0.7717717166908495,
    "loss": 0.22822828330915046,
    "step": 9
}
