step	accuracy
0	0.3142217394941726
1	0.5422283163118262
2	0.677551593606443
3	0.7212334831686988
4	0.7534611260819317
5	0.7508078735223359
6	0.8157012509187809
7	0.7782063115470498
8	0.7901323337198745
9	0.7717717166908495
