step	accuracy
0	0.23370336418040055
1	0.5068772190694535
2	0.6659878464718743
3	0.7100725530346248
4	0.7747988289334551
5	0.7367110687632883
6	0.7971310280271058
7	0.7484778683212425
8	0.7273534573542508
9	0.8083809101955755
10	0.7426883891714753
11	0.7807334053172106
12	0.7564062113732148
13	0.7460949089292774
14	0.7588707381420858
15	0.7623619183240609
16	0.7385877313501472
17	0.7305995206813019
18	0.7723435322143706
