step	accuracy
0	0.27046232477767895
1	0.5393411282405461
2	0.7020527351628575
3	0.7221092190997073
