step	accuracy
0	0.2687939514037095
1	0.5588015473949977
2	0.6127921443938238
3	0.7516678464410191
4	0.7535644091167881
5	0.7966034370576605
6	0.8013246630516482
7	0.745126441326424
8	0.7763370302388968
9	0.7730956876912012
10	0.7645358293331332
11	0.7660111141701653
