step	accuracy
0	0.33472763179223913
1	0.5412064388762756
2	0.7241863523761299
3	0.7450388408762316
4	0.7797462387784071
5	0.8103929628813473
6	0.7799584173923831
7	0.8280440967897643
8	0.8417931469589869
9	0.8236431470802539
