step	accuracy
0	0.30246193430789897
1	0.544250510963292
2	0.6744225080975487
3	0.7039080108230867
4	0.7729373086696409
5	0.778605137663231
6	0.7143766737414969
7	0.7899984141739715
8	0.7461810528292242
