step	loss
0	0.729537675222321
1	0.46065887175945386
2	0.2979472648371425
3	0.27789078090029273
