step	loss
0	0.7312060485962906
1	0.4411984526050023
2	0.3872078556061762
3	0.24833215355898086
4	0.24643559088321193
5	0.20339656294233943
6	0.19867533694835182
7	0.25487355867357586
8	0.22366296976110328
9	0.22690431230879887
10	0.2354641706668667
11	0.2339888858298346
