step	loss
0	0.6652723682077608
1	0.4587935611237244
2	0.27581364762387006
3	0.2549611591237683
4	0.2202537612215929
5	0.18960703711865265
6	0.22004158260761686
7	0.17195590321023574
8	0.15820685304101315
9	0.17635685291974612
