step	loss
0	0.6857782605058274
1	0.45777168368817384
2	0.322448406393557
3	0.2787665168313012
4	0.24653887391806825
5	0.24919212647766403
6	0.1842987490812191
7	0.22179368845295022
8	0.20986766628012551
9	0.22822828330915046
