step	loss
0	0.7662966358195995
1	0.4931227809305464
2	0.3340121535281257
3	0.28992744696537526
4	0.22520117106654497
5	0.26328893123671165
6	0.20286897197289416
7	0.2515221316787574
8	0.2726465426457492
9	0.19161908980442457
10	0.2573116108285248
11	0.21926659468278953
12	0.24359378862678527
13	0.25390509107072246
14	0.2411292618579141
15	0.23763808167593903
16	0.2614122686498529
17	0.26940047931869815
18	0.2276564677856293
