step	loss
0	0.6975380656921011
1	0.455749489036708
2	0.3255774919024513
3	0.29609198917691326
4	0.22706269133035908
5	0.22139486233676903
6	0.2856233262585031
7	0.21000158582602846
8	0.2538189471707758
